{
  "timestamp": "2025-05-15T09:28:12.533172",
  "avg_confidence": 0.49309083819389343,
  "avg_processing_time": 0.08040642738342285,
  "n_predictions": 12,
  "predictions_per_class": {
    "lune": 6,
    "\u00e9toile": 6
  },
  "prediction_accuracy": 0.5
}