{
  "timestamp": "2025-05-15T09:27:57.344479",
  "avg_confidence": 0.49309083819389343,
  "avg_processing_time": 0.08040642738342285,
  "n_predictions": 6,
  "predictions_per_class": {
    "lune": 3,
    "\u00e9toile": 3
  },
  "prediction_accuracy": 0.5
}