{
  "timestamp": "2025-05-14T16:44:24.365863",
  "avg_confidence": 0.5374001264572144,
  "avg_processing_time": 0.06616687774658203,
  "n_predictions": 2,
  "predictions_per_class": {
    "lune": 2
  },
  "prediction_accuracy": 0.0
}