{
  "timestamp": "2025-05-14T16:44:49.846798",
  "avg_confidence": 0.5374001264572144,
  "avg_processing_time": 0.06616687774658203,
  "n_predictions": 7,
  "predictions_per_class": {
    "lune": 7
  },
  "prediction_accuracy": 0.0
}