{
  "timestamp": "2025-05-14T16:42:34.879242",
  "avg_confidence": 0.5374001264572144,
  "avg_processing_time": 0.06616687774658203,
  "n_predictions": 1,
  "predictions_per_class": {
    "lune": 1
  },
  "prediction_accuracy": 0.0
}