{
  "timestamp": "2025-05-14T16:44:34.627215",
  "avg_confidence": 0.5374001264572144,
  "avg_processing_time": 0.06616687774658203,
  "n_predictions": 4,
  "predictions_per_class": {
    "lune": 4
  },
  "prediction_accuracy": 0.0
}