{
  "timestamp": "2025-05-15T10:47:38.886276",
  "avg_confidence": 0.4790192331586565,
  "avg_processing_time": 0.07549670764378139,
  "n_predictions": 7,
  "predictions_per_class": {
    "e_courbebasse": 3,
    "lune": 1,
    "\u00e9toile": 1,
    "balance": 1,
    "o_courbebasse": 1
  },
  "prediction_accuracy": 0.2857142857142857
}