{
  "timestamp": "2025-05-15T09:27:52.286968",
  "avg_confidence": 0.49309083819389343,
  "avg_processing_time": 0.08040642738342285,
  "n_predictions": 4,
  "predictions_per_class": {
    "lune": 2,
    "\u00e9toile": 2
  },
  "prediction_accuracy": 0.5
}